--
-- PostgreSQL database dump
--

-- Dumped from database version 11.1
-- Dumped by pg_dump version 11.1

SET statement_timeout = 0;
SET lock_timeout = 0;
SET idle_in_transaction_session_timeout = 0;
SET client_encoding = 'UTF8';
SET standard_conforming_strings = on;
SELECT pg_catalog.set_config('search_path', '', false);
SET check_function_bodies = false;
SET client_min_messages = warning;
SET row_security = off;

DROP DATABASE sciencedb_development;
--
-- Name: sciencedb_development; Type: DATABASE; Schema: -; Owner: sciencedb
--

CREATE DATABASE sciencedb_development WITH TEMPLATE = template0 ENCODING = 'UTF8' LC_COLLATE = 'en_US.utf8' LC_CTYPE = 'en_US.utf8';


ALTER DATABASE sciencedb_development OWNER TO sciencedb;

\connect sciencedb_development

SET statement_timeout = 0;
SET lock_timeout = 0;
SET idle_in_transaction_session_timeout = 0;
SET client_encoding = 'UTF8';
SET standard_conforming_strings = on;
SELECT pg_catalog.set_config('search_path', '', false);
SET check_function_bodies = false;
SET client_min_messages = warning;
SET row_security = off;

SET default_tablespace = '';

SET default_with_oids = false;

--
-- Name: SequelizeMeta; Type: TABLE; Schema: public; Owner: sciencedb
--

CREATE TABLE public."SequelizeMeta" (
    name character varying(255) NOT NULL
);


ALTER TABLE public."SequelizeMeta" OWNER TO sciencedb;

--
-- Name: db_was_seeded; Type: TABLE; Schema: public; Owner: sciencedb
--

CREATE TABLE public.db_was_seeded (
    seeded integer
);


ALTER TABLE public.db_was_seeded OWNER TO sciencedb;

--
-- Name: plant_variants; Type: TABLE; Schema: public; Owner: sciencedb
--

CREATE TABLE public.plant_variants (
    "plant_variant_ID" text NOT NULL,
    "createdAt" timestamp with time zone,
    "updatedAt" timestamp with time zone,
    name text,
    genotype text,
    disease_resistances text
);


ALTER TABLE public.plant_variants OWNER TO sciencedb;

--
-- Name: role_to_users; Type: TABLE; Schema: public; Owner: sciencedb
--

CREATE TABLE public.role_to_users (
    id integer NOT NULL,
    "createdAt" timestamp with time zone,
    "updatedAt" timestamp with time zone,
    "userId" integer,
    "roleId" integer
);


ALTER TABLE public.role_to_users OWNER TO sciencedb;

--
-- Name: role_to_users_id_seq; Type: SEQUENCE; Schema: public; Owner: sciencedb
--

CREATE SEQUENCE public.role_to_users_id_seq
    AS integer
    START WITH 1
    INCREMENT BY 1
    NO MINVALUE
    NO MAXVALUE
    CACHE 1;


ALTER TABLE public.role_to_users_id_seq OWNER TO sciencedb;

--
-- Name: role_to_users_id_seq; Type: SEQUENCE OWNED BY; Schema: public; Owner: sciencedb
--

ALTER SEQUENCE public.role_to_users_id_seq OWNED BY public.role_to_users.id;


--
-- Name: roles; Type: TABLE; Schema: public; Owner: sciencedb
--

CREATE TABLE public.roles (
    id integer NOT NULL,
    "createdAt" timestamp with time zone,
    "updatedAt" timestamp with time zone,
    name text,
    description text
);


ALTER TABLE public.roles OWNER TO sciencedb;

--
-- Name: roles_id_seq; Type: SEQUENCE; Schema: public; Owner: sciencedb
--

CREATE SEQUENCE public.roles_id_seq
    AS integer
    START WITH 1
    INCREMENT BY 1
    NO MINVALUE
    NO MAXVALUE
    CACHE 1;


ALTER TABLE public.roles_id_seq OWNER TO sciencedb;

--
-- Name: roles_id_seq; Type: SEQUENCE OWNED BY; Schema: public; Owner: sciencedb
--

ALTER SEQUENCE public.roles_id_seq OWNED BY public.roles.id;


--
-- Name: tomato_Measurements; Type: TABLE; Schema: public; Owner: sciencedb
--

CREATE TABLE public."tomato_Measurements" (
    "tomato_ID" text NOT NULL,
    "createdAt" timestamp with time zone,
    "updatedAt" timestamp with time zone,
    no_fruit integer,
    sugar_content double precision,
    "plant_variant_ID" text
);


ALTER TABLE public."tomato_Measurements" OWNER TO sciencedb;

--
-- Name: users; Type: TABLE; Schema: public; Owner: sciencedb
--

CREATE TABLE public.users (
    id integer NOT NULL,
    "createdAt" timestamp with time zone,
    "updatedAt" timestamp with time zone,
    email text,
    password text
);


ALTER TABLE public.users OWNER TO sciencedb;

--
-- Name: users_id_seq; Type: SEQUENCE; Schema: public; Owner: sciencedb
--

CREATE SEQUENCE public.users_id_seq
    AS integer
    START WITH 1
    INCREMENT BY 1
    NO MINVALUE
    NO MAXVALUE
    CACHE 1;


ALTER TABLE public.users_id_seq OWNER TO sciencedb;

--
-- Name: users_id_seq; Type: SEQUENCE OWNED BY; Schema: public; Owner: sciencedb
--

ALTER SEQUENCE public.users_id_seq OWNED BY public.users.id;


--
-- Name: role_to_users id; Type: DEFAULT; Schema: public; Owner: sciencedb
--

ALTER TABLE ONLY public.role_to_users ALTER COLUMN id SET DEFAULT nextval('public.role_to_users_id_seq'::regclass);


--
-- Name: roles id; Type: DEFAULT; Schema: public; Owner: sciencedb
--

ALTER TABLE ONLY public.roles ALTER COLUMN id SET DEFAULT nextval('public.roles_id_seq'::regclass);


--
-- Name: users id; Type: DEFAULT; Schema: public; Owner: sciencedb
--

ALTER TABLE ONLY public.users ALTER COLUMN id SET DEFAULT nextval('public.users_id_seq'::regclass);


--
-- Data for Name: SequelizeMeta; Type: TABLE DATA; Schema: public; Owner: sciencedb
--

COPY public."SequelizeMeta" (name) FROM stdin;
20200701145205-plant_variant.js
20200701145205-role.js
20200701145205-role_to_user.js
20200701145205-tomato_Measurement.js
20200701145205-user.js
\.


--
-- Data for Name: db_was_seeded; Type: TABLE DATA; Schema: public; Owner: sciencedb
--

COPY public.db_was_seeded (seeded) FROM stdin;
1
\.


--
-- Data for Name: plant_variants; Type: TABLE DATA; Schema: public; Owner: sciencedb
--

COPY public.plant_variants ("plant_variant_ID", "createdAt", "updatedAt", name, genotype, disease_resistances) FROM stdin;
pV_red_0001	2020-07-01 15:10:38.522+00	2020-07-01 15:10:38.522+00	red	TGGATTGCAACATCGACGCTCACCGCAAACGTCAGTTTACGCCGGACATC	Bacterial Wilt, Leaf Mold
pV_green_0002	2020-07-01 15:11:37.372+00	2020-07-01 15:11:37.372+00	green	TAACCTGTTAGTCAATCAGTGCCAAACTCGACACTGTAGTCTGCGCACCT	Tomato Pith Necrosis, Buckeye Rot, Septoria Leaf Spot
pV_yellow_0003	2020-07-01 15:13:12.918+00	2020-07-01 15:13:12.918+00	yellow	CGGCGCCCTTGCTCACCTCCGTCATTGCTTGTACAGGTTCAGTATTAAAC	Leaf Mold, Southern Blight, Anthracnose
pV_purple_0004	2020-07-01 15:14:35.055+00	2020-07-01 15:14:35.055+00	purple	AGTGAAGAACGAAAGACGCGCGCGCTGTATTGTTGTCCCGAAGGAAATAT	Fusarium Wilt, Tomato Spotted Wilt Virus (TSWV), Early Blight
\.


--
-- Data for Name: role_to_users; Type: TABLE DATA; Schema: public; Owner: sciencedb
--

COPY public.role_to_users (id, "createdAt", "updatedAt", "userId", "roleId") FROM stdin;
1	\N	\N	1	1
2	\N	\N	1	2
3	\N	\N	1	3
\.


--
-- Data for Name: roles; Type: TABLE DATA; Schema: public; Owner: sciencedb
--

COPY public.roles (id, "createdAt", "updatedAt", name, description) FROM stdin;
1	\N	\N	admin	The administrator is allowed to create, read, update, and delete users and their roles.
2	\N	\N	scientist	A scientist can create, update, and delete data of the various data models, excluding users and user-roles.
3	\N	\N	guest	A guest is allowed read access to all data models, excluding users and user-roles.
\.


--
-- Data for Name: tomato_Measurements; Type: TABLE DATA; Schema: public; Owner: sciencedb
--

COPY public."tomato_Measurements" ("tomato_ID", "createdAt", "updatedAt", no_fruit, sugar_content, "plant_variant_ID") FROM stdin;
tomato0001	2020-07-01 15:26:57.247+00	2020-07-01 15:26:57.267+00	35	0.200000000000000011	pV_red_0001
tomato0002	2020-07-01 15:26:57.282+00	2020-07-01 15:26:57.286+00	11	5.40000000000000036	pV_red_0001
tomato0003	2020-07-01 15:26:57.293+00	2020-07-01 15:26:57.296+00	37	3.39999999999999991	pV_red_0001
tomato0004	2020-07-01 15:26:57.301+00	2020-07-01 15:26:57.304+00	13	2.29999999999999982	pV_red_0001
tomato0005	2020-07-01 15:26:57.309+00	2020-07-01 15:26:57.312+00	22	2.5	pV_red_0001
tomato0006	2020-07-01 15:26:57.316+00	2020-07-01 15:26:57.319+00	47	2.60000000000000009	pV_red_0001
tomato0007	2020-07-01 15:26:57.324+00	2020-07-01 15:26:57.327+00	15	0.5	pV_red_0001
tomato0008	2020-07-01 15:26:57.331+00	2020-07-01 15:26:57.334+00	11	2.60000000000000009	pV_red_0001
tomato0009	2020-07-01 15:26:57.34+00	2020-07-01 15:26:57.342+00	21	3.70000000000000018	pV_red_0001
tomato0010	2020-07-01 15:26:57.347+00	2020-07-01 15:26:57.349+00	32	5.70000000000000018	pV_red_0001
tomato0011	2020-07-01 15:26:57.353+00	2020-07-01 15:26:57.357+00	37	0.200000000000000011	pV_red_0001
tomato0012	2020-07-01 15:26:57.36+00	2020-07-01 15:26:57.363+00	19	3.79999999999999982	pV_red_0001
tomato0013	2020-07-01 15:26:57.367+00	2020-07-01 15:26:57.369+00	38	1.19999999999999996	pV_red_0001
tomato0014	2020-07-01 15:26:57.374+00	2020-07-01 15:26:57.377+00	31	4.70000000000000018	pV_red_0001
tomato0015	2020-07-01 15:26:57.38+00	2020-07-01 15:26:57.383+00	45	3.89999999999999991	pV_red_0001
tomato0016	2020-07-01 15:26:57.386+00	2020-07-01 15:26:57.389+00	17	2.29999999999999982	pV_red_0001
tomato0017	2020-07-01 15:26:57.393+00	2020-07-01 15:26:57.395+00	41	1.69999999999999996	pV_red_0001
tomato0018	2020-07-01 15:26:57.399+00	2020-07-01 15:26:57.401+00	28	5.09999999999999964	pV_red_0001
tomato0019	2020-07-01 15:26:57.41+00	2020-07-01 15:26:57.415+00	49	0.699999999999999956	pV_red_0001
tomato0020	2020-07-01 15:26:57.421+00	2020-07-01 15:26:57.425+00	43	0.699999999999999956	pV_red_0001
tomato0021	2020-07-01 15:26:57.43+00	2020-07-01 15:26:57.432+00	44	2.29999999999999982	pV_red_0001
tomato0022	2020-07-01 15:26:57.436+00	2020-07-01 15:26:57.438+00	39	5.29999999999999982	pV_red_0001
tomato0023	2020-07-01 15:26:57.442+00	2020-07-01 15:26:57.445+00	37	3.70000000000000018	pV_red_0001
tomato0024	2020-07-01 15:26:57.448+00	2020-07-01 15:26:57.45+00	16	5.90000000000000036	pV_red_0001
tomato0025	2020-07-01 15:26:57.454+00	2020-07-01 15:26:57.457+00	45	0.100000000000000006	pV_red_0001
tomato0026	2020-07-01 15:26:57.462+00	2020-07-01 15:26:57.465+00	27	4.59999999999999964	pV_red_0001
tomato0027	2020-07-01 15:26:57.469+00	2020-07-01 15:26:57.471+00	36	1.60000000000000009	pV_red_0001
tomato0028	2020-07-01 15:26:57.475+00	2020-07-01 15:26:57.477+00	30	3.29999999999999982	pV_red_0001
tomato0029	2020-07-01 15:26:57.48+00	2020-07-01 15:26:57.483+00	14	4.90000000000000036	pV_red_0001
tomato0030	2020-07-01 15:26:57.486+00	2020-07-01 15:26:57.489+00	17	0.5	pV_red_0001
tomato0031	2020-07-01 15:26:57.492+00	2020-07-01 15:26:57.495+00	46	0.200000000000000011	pV_red_0001
tomato0032	2020-07-01 15:26:57.498+00	2020-07-01 15:26:57.501+00	45	5.20000000000000018	pV_red_0001
tomato0033	2020-07-01 15:26:57.504+00	2020-07-01 15:26:57.507+00	39	4.79999999999999982	pV_red_0001
tomato0034	2020-07-01 15:26:57.51+00	2020-07-01 15:26:57.513+00	25	0.800000000000000044	pV_red_0001
tomato0035	2020-07-01 15:26:57.516+00	2020-07-01 15:26:57.518+00	29	5.40000000000000036	pV_red_0001
tomato0036	2020-07-01 15:26:57.522+00	2020-07-01 15:26:57.524+00	24	2.79999999999999982	pV_red_0001
tomato0037	2020-07-01 15:26:57.529+00	2020-07-01 15:26:57.532+00	47	5.90000000000000036	pV_red_0001
tomato0038	2020-07-01 15:26:57.535+00	2020-07-01 15:26:57.537+00	24	3.29999999999999982	pV_red_0001
tomato0039	2020-07-01 15:26:57.541+00	2020-07-01 15:26:57.543+00	28	5.40000000000000036	pV_red_0001
tomato0040	2020-07-01 15:26:57.546+00	2020-07-01 15:26:57.549+00	23	4.20000000000000018	pV_red_0001
tomato0041	2020-07-01 15:26:57.552+00	2020-07-01 15:26:57.555+00	30	2.29999999999999982	pV_red_0001
tomato0042	2020-07-01 15:26:57.558+00	2020-07-01 15:26:57.561+00	37	3.79999999999999982	pV_red_0001
tomato0043	2020-07-01 15:26:57.564+00	2020-07-01 15:26:57.566+00	45	1.69999999999999996	pV_red_0001
tomato0044	2020-07-01 15:26:57.57+00	2020-07-01 15:26:57.572+00	42	0.100000000000000006	pV_red_0001
tomato0045	2020-07-01 15:26:57.575+00	2020-07-01 15:26:57.577+00	35	5.79999999999999982	pV_red_0001
tomato0046	2020-07-01 15:26:57.58+00	2020-07-01 15:26:57.583+00	26	1.69999999999999996	pV_red_0001
tomato0047	2020-07-01 15:26:57.586+00	2020-07-01 15:26:57.589+00	15	4.29999999999999982	pV_red_0001
tomato0048	2020-07-01 15:26:57.593+00	2020-07-01 15:26:57.595+00	33	3.39999999999999991	pV_red_0001
tomato0049	2020-07-01 15:26:57.598+00	2020-07-01 15:26:57.6+00	42	1.89999999999999991	pV_red_0001
tomato0050	2020-07-01 15:26:57.604+00	2020-07-01 15:26:57.607+00	49	2.89999999999999991	pV_red_0001
tomato0051	2020-07-01 15:39:55.721+00	2020-07-01 15:39:55.736+00	35	6.79999999999999982	pV_green_0002
tomato0052	2020-07-01 15:39:55.741+00	2020-07-01 15:39:55.744+00	58	6.29999999999999982	pV_green_0002
tomato0053	2020-07-01 15:39:55.748+00	2020-07-01 15:39:55.751+00	23	1.5	pV_green_0002
tomato0054	2020-07-01 15:39:55.755+00	2020-07-01 15:39:55.758+00	33	5.29999999999999982	pV_green_0002
tomato0055	2020-07-01 15:39:55.762+00	2020-07-01 15:39:55.765+00	20	3.5	pV_green_0002
tomato0056	2020-07-01 15:39:55.768+00	2020-07-01 15:39:55.771+00	66	2.39999999999999991	pV_green_0002
tomato0057	2020-07-01 15:39:55.775+00	2020-07-01 15:39:55.777+00	50	6.5	pV_green_0002
tomato0058	2020-07-01 15:39:55.781+00	2020-07-01 15:39:55.784+00	62	6.59999999999999964	pV_green_0002
tomato0059	2020-07-01 15:39:55.788+00	2020-07-01 15:39:55.791+00	52	1.80000000000000004	pV_green_0002
tomato0060	2020-07-01 15:39:55.795+00	2020-07-01 15:39:55.797+00	26	7.20000000000000018	pV_green_0002
tomato0061	2020-07-01 15:39:55.801+00	2020-07-01 15:39:55.803+00	52	6.29999999999999982	pV_green_0002
tomato0062	2020-07-01 15:39:55.808+00	2020-07-01 15:39:55.81+00	54	5.09999999999999964	pV_green_0002
tomato0063	2020-07-01 15:39:55.814+00	2020-07-01 15:39:55.817+00	22	1.80000000000000004	pV_green_0002
tomato0064	2020-07-01 15:39:55.822+00	2020-07-01 15:39:55.824+00	65	5.5	pV_green_0002
tomato0065	2020-07-01 15:39:55.829+00	2020-07-01 15:39:55.831+00	38	4.79999999999999982	pV_green_0002
tomato0066	2020-07-01 15:39:55.835+00	2020-07-01 15:39:55.838+00	42	6.20000000000000018	pV_green_0002
tomato0067	2020-07-01 15:39:55.842+00	2020-07-01 15:39:55.845+00	25	6.29999999999999982	pV_green_0002
tomato0068	2020-07-01 15:39:55.85+00	2020-07-01 15:39:55.853+00	23	6.29999999999999982	pV_green_0002
tomato0069	2020-07-01 15:39:55.857+00	2020-07-01 15:39:55.859+00	29	3.29999999999999982	pV_green_0002
tomato0070	2020-07-01 15:39:55.863+00	2020-07-01 15:39:55.866+00	67	5.70000000000000018	pV_green_0002
tomato0071	2020-07-01 15:39:55.87+00	2020-07-01 15:39:55.872+00	30	4.09999999999999964	pV_green_0002
tomato0072	2020-07-01 15:39:55.875+00	2020-07-01 15:39:55.878+00	55	6.20000000000000018	pV_green_0002
tomato0073	2020-07-01 15:39:55.881+00	2020-07-01 15:39:55.883+00	31	4.40000000000000036	pV_green_0002
tomato0074	2020-07-01 15:39:55.886+00	2020-07-01 15:39:55.888+00	66	6.09999999999999964	pV_green_0002
tomato0075	2020-07-01 15:39:55.892+00	2020-07-01 15:39:55.895+00	44	1.80000000000000004	pV_green_0002
tomato0076	2020-07-01 15:39:55.898+00	2020-07-01 15:39:55.901+00	58	4.09999999999999964	pV_green_0002
tomato0077	2020-07-01 15:39:55.905+00	2020-07-01 15:39:55.907+00	56	5.79999999999999982	pV_green_0002
tomato0078	2020-07-01 15:39:55.911+00	2020-07-01 15:39:55.913+00	45	4.29999999999999982	pV_green_0002
tomato0079	2020-07-01 15:39:55.917+00	2020-07-01 15:39:55.919+00	38	3.10000000000000009	pV_green_0002
tomato0080	2020-07-01 15:39:55.922+00	2020-07-01 15:39:55.925+00	21	3	pV_green_0002
tomato0081	2020-07-01 15:39:55.928+00	2020-07-01 15:39:55.931+00	34	2.29999999999999982	pV_green_0002
tomato0082	2020-07-01 15:39:55.935+00	2020-07-01 15:39:55.937+00	41	4.70000000000000018	pV_green_0002
tomato0083	2020-07-01 15:39:55.94+00	2020-07-01 15:39:55.942+00	63	7.79999999999999982	pV_green_0002
tomato0084	2020-07-01 15:39:55.945+00	2020-07-01 15:39:55.948+00	53	3.20000000000000018	pV_green_0002
tomato0085	2020-07-01 15:39:55.953+00	2020-07-01 15:39:55.955+00	56	5.29999999999999982	pV_green_0002
tomato0086	2020-07-01 15:39:55.959+00	2020-07-01 15:39:55.961+00	23	5.59999999999999964	pV_green_0002
tomato0087	2020-07-01 15:39:55.964+00	2020-07-01 15:39:55.967+00	64	5.70000000000000018	pV_green_0002
tomato0088	2020-07-01 15:39:55.971+00	2020-07-01 15:39:55.973+00	58	2.39999999999999991	pV_green_0002
tomato0089	2020-07-01 15:39:55.976+00	2020-07-01 15:39:55.979+00	63	1.19999999999999996	pV_green_0002
tomato0090	2020-07-01 15:39:55.982+00	2020-07-01 15:39:55.984+00	28	1.30000000000000004	pV_green_0002
tomato0091	2020-07-01 15:39:55.987+00	2020-07-01 15:39:55.989+00	23	1	pV_green_0002
tomato0092	2020-07-01 15:39:55.993+00	2020-07-01 15:39:55.995+00	49	1.5	pV_green_0002
tomato0093	2020-07-01 15:39:55.999+00	2020-07-01 15:39:56.001+00	54	2.29999999999999982	pV_green_0002
tomato0094	2020-07-01 15:39:56.004+00	2020-07-01 15:39:56.006+00	59	6.20000000000000018	pV_green_0002
tomato0095	2020-07-01 15:39:56.009+00	2020-07-01 15:39:56.01+00	40	2.79999999999999982	pV_green_0002
tomato0096	2020-07-01 15:39:56.013+00	2020-07-01 15:39:56.015+00	67	5.09999999999999964	pV_green_0002
tomato0097	2020-07-01 15:39:56.019+00	2020-07-01 15:39:56.021+00	62	1.19999999999999996	pV_green_0002
tomato0098	2020-07-01 15:39:56.024+00	2020-07-01 15:39:56.026+00	27	2.70000000000000018	pV_green_0002
tomato0099	2020-07-01 15:39:56.031+00	2020-07-01 15:39:56.033+00	50	5.79999999999999982	pV_green_0002
tomato0100	2020-07-01 15:39:56.04+00	2020-07-01 15:39:56.043+00	55	4.09999999999999964	pV_green_0002
tomato0101	2020-07-01 15:42:48.465+00	2020-07-01 15:42:48.471+00	24	3.5	pV_yellow_0003
tomato0102	2020-07-01 15:42:48.476+00	2020-07-01 15:42:48.479+00	10	3.89999999999999991	pV_yellow_0003
tomato0103	2020-07-01 15:42:48.482+00	2020-07-01 15:42:48.484+00	31	3.89999999999999991	pV_yellow_0003
tomato0104	2020-07-01 15:42:48.487+00	2020-07-01 15:42:48.489+00	23	0.800000000000000044	pV_yellow_0003
tomato0105	2020-07-01 15:42:48.493+00	2020-07-01 15:42:48.495+00	10	3.79999999999999982	pV_yellow_0003
tomato0106	2020-07-01 15:42:48.499+00	2020-07-01 15:42:48.501+00	22	0.200000000000000011	pV_yellow_0003
tomato0107	2020-07-01 15:42:48.504+00	2020-07-01 15:42:48.507+00	16	3.70000000000000018	pV_yellow_0003
tomato0108	2020-07-01 15:42:48.512+00	2020-07-01 15:42:48.515+00	15	0.800000000000000044	pV_yellow_0003
tomato0109	2020-07-01 15:42:48.518+00	2020-07-01 15:42:48.52+00	32	0.599999999999999978	pV_yellow_0003
tomato0110	2020-07-01 15:42:48.523+00	2020-07-01 15:42:48.525+00	23	1.5	pV_yellow_0003
tomato0111	2020-07-01 15:42:48.529+00	2020-07-01 15:42:48.533+00	32	2.39999999999999991	pV_yellow_0003
tomato0112	2020-07-01 15:42:48.536+00	2020-07-01 15:42:48.538+00	30	0.800000000000000044	pV_yellow_0003
tomato0113	2020-07-01 15:42:48.541+00	2020-07-01 15:42:48.544+00	24	2.5	pV_yellow_0003
tomato0114	2020-07-01 15:42:48.547+00	2020-07-01 15:42:48.549+00	6	0.5	pV_yellow_0003
tomato0115	2020-07-01 15:42:48.553+00	2020-07-01 15:42:48.555+00	29	2.10000000000000009	pV_yellow_0003
tomato0116	2020-07-01 15:42:48.558+00	2020-07-01 15:42:48.56+00	10	3.70000000000000018	pV_yellow_0003
tomato0117	2020-07-01 15:42:48.564+00	2020-07-01 15:42:48.566+00	14	2.20000000000000018	pV_yellow_0003
tomato0118	2020-07-01 15:42:48.57+00	2020-07-01 15:42:48.572+00	19	1.39999999999999991	pV_yellow_0003
tomato0119	2020-07-01 15:42:48.576+00	2020-07-01 15:42:48.578+00	32	0.599999999999999978	pV_yellow_0003
tomato0120	2020-07-01 15:42:48.582+00	2020-07-01 15:42:48.584+00	8	3.39999999999999991	pV_yellow_0003
tomato0121	2020-07-01 15:42:48.587+00	2020-07-01 15:42:48.589+00	27	2.20000000000000018	pV_yellow_0003
tomato0122	2020-07-01 15:42:48.593+00	2020-07-01 15:42:48.595+00	34	3.79999999999999982	pV_yellow_0003
tomato0123	2020-07-01 15:42:48.598+00	2020-07-01 15:42:48.6+00	30	0.200000000000000011	pV_yellow_0003
tomato0124	2020-07-01 15:42:48.604+00	2020-07-01 15:42:48.606+00	8	0.400000000000000022	pV_yellow_0003
tomato0125	2020-07-01 15:42:48.61+00	2020-07-01 15:42:48.612+00	10	2.20000000000000018	pV_yellow_0003
tomato0126	2020-07-01 15:42:48.615+00	2020-07-01 15:42:48.617+00	13	3.29999999999999982	pV_yellow_0003
tomato0127	2020-07-01 15:42:48.621+00	2020-07-01 15:42:48.623+00	20	3.79999999999999982	pV_yellow_0003
tomato0128	2020-07-01 15:42:48.627+00	2020-07-01 15:42:48.629+00	31	1.5	pV_yellow_0003
tomato0129	2020-07-01 15:42:48.633+00	2020-07-01 15:42:48.635+00	25	2.79999999999999982	pV_yellow_0003
tomato0130	2020-07-01 15:42:48.638+00	2020-07-01 15:42:48.641+00	14	1.89999999999999991	pV_yellow_0003
tomato0131	2020-07-01 15:42:48.644+00	2020-07-01 15:42:48.646+00	21	0.100000000000000006	pV_yellow_0003
tomato0132	2020-07-01 15:42:48.649+00	2020-07-01 15:42:48.651+00	29	1.69999999999999996	pV_yellow_0003
tomato0133	2020-07-01 15:42:48.654+00	2020-07-01 15:42:48.656+00	21	1.80000000000000004	pV_yellow_0003
tomato0134	2020-07-01 15:42:48.66+00	2020-07-01 15:42:48.662+00	7	2.60000000000000009	pV_yellow_0003
tomato0135	2020-07-01 15:42:48.665+00	2020-07-01 15:42:48.667+00	6	1.69999999999999996	pV_yellow_0003
tomato0136	2020-07-01 15:42:48.67+00	2020-07-01 15:42:48.673+00	22	1.19999999999999996	pV_yellow_0003
tomato0137	2020-07-01 15:42:48.677+00	2020-07-01 15:42:48.678+00	28	2.89999999999999991	pV_yellow_0003
tomato0138	2020-07-01 15:42:48.682+00	2020-07-01 15:42:48.684+00	13	0.900000000000000022	pV_yellow_0003
tomato0139	2020-07-01 15:42:48.687+00	2020-07-01 15:42:48.688+00	8	3.10000000000000009	pV_yellow_0003
tomato0140	2020-07-01 15:42:48.694+00	2020-07-01 15:42:48.696+00	34	2.89999999999999991	pV_yellow_0003
tomato0141	2020-07-01 15:42:48.699+00	2020-07-01 15:42:48.701+00	27	2.20000000000000018	pV_yellow_0003
tomato0142	2020-07-01 15:42:48.705+00	2020-07-01 15:42:48.707+00	6	3.89999999999999991	pV_yellow_0003
tomato0143	2020-07-01 15:42:48.71+00	2020-07-01 15:42:48.713+00	10	3.39999999999999991	pV_yellow_0003
tomato0144	2020-07-01 15:42:48.716+00	2020-07-01 15:42:48.718+00	15	2.89999999999999991	pV_yellow_0003
tomato0145	2020-07-01 15:42:48.721+00	2020-07-01 15:42:48.722+00	5	3.89999999999999991	pV_yellow_0003
tomato0146	2020-07-01 15:42:48.725+00	2020-07-01 15:42:48.727+00	6	0.699999999999999956	pV_yellow_0003
tomato0147	2020-07-01 15:42:48.73+00	2020-07-01 15:42:48.732+00	22	2.89999999999999991	pV_yellow_0003
tomato0148	2020-07-01 15:42:48.735+00	2020-07-01 15:42:48.737+00	25	2.70000000000000018	pV_yellow_0003
tomato0149	2020-07-01 15:42:48.742+00	2020-07-01 15:42:48.744+00	7	1.60000000000000009	pV_yellow_0003
tomato0150	2020-07-01 15:42:48.747+00	2020-07-01 15:42:48.749+00	25	1.30000000000000004	pV_yellow_0003
tomato0151	2020-07-01 15:44:36.196+00	2020-07-01 15:44:36.199+00	5	4.09999999999999964	pV_purple_0004
tomato0152	2020-07-01 15:44:36.203+00	2020-07-01 15:44:36.205+00	8	3.29999999999999982	pV_purple_0004
tomato0153	2020-07-01 15:44:36.208+00	2020-07-01 15:44:36.211+00	16	3.70000000000000018	pV_purple_0004
tomato0154	2020-07-01 15:44:36.214+00	2020-07-01 15:44:36.217+00	13	3.60000000000000009	pV_purple_0004
tomato0155	2020-07-01 15:44:36.22+00	2020-07-01 15:44:36.221+00	24	6.29999999999999982	pV_purple_0004
tomato0156	2020-07-01 15:44:36.224+00	2020-07-01 15:44:36.226+00	24	4.09999999999999964	pV_purple_0004
tomato0157	2020-07-01 15:44:36.23+00	2020-07-01 15:44:36.232+00	5	3.10000000000000009	pV_purple_0004
tomato0158	2020-07-01 15:44:36.236+00	2020-07-01 15:44:36.238+00	14	3.39999999999999991	pV_purple_0004
tomato0159	2020-07-01 15:44:36.24+00	2020-07-01 15:44:36.242+00	13	5.5	pV_purple_0004
tomato0160	2020-07-01 15:44:36.245+00	2020-07-01 15:44:36.247+00	7	2.20000000000000018	pV_purple_0004
tomato0161	2020-07-01 15:44:36.25+00	2020-07-01 15:44:36.251+00	27	5.59999999999999964	pV_purple_0004
tomato0162	2020-07-01 15:44:36.256+00	2020-07-01 15:44:36.258+00	8	2.5	pV_purple_0004
tomato0163	2020-07-01 15:44:36.262+00	2020-07-01 15:44:36.264+00	27	2.70000000000000018	pV_purple_0004
tomato0164	2020-07-01 15:44:36.268+00	2020-07-01 15:44:36.27+00	21	3.20000000000000018	pV_purple_0004
tomato0165	2020-07-01 15:44:36.273+00	2020-07-01 15:44:36.275+00	12	6.29999999999999982	pV_purple_0004
tomato0166	2020-07-01 15:44:36.279+00	2020-07-01 15:44:36.281+00	14	2.10000000000000009	pV_purple_0004
tomato0167	2020-07-01 15:44:36.284+00	2020-07-01 15:44:36.286+00	17	4.40000000000000036	pV_purple_0004
tomato0168	2020-07-01 15:44:36.29+00	2020-07-01 15:44:36.292+00	25	2.39999999999999991	pV_purple_0004
tomato0169	2020-07-01 15:44:36.299+00	2020-07-01 15:44:36.305+00	10	5.79999999999999982	pV_purple_0004
tomato0170	2020-07-01 15:44:36.318+00	2020-07-01 15:44:36.326+00	23	6	pV_purple_0004
tomato0171	2020-07-01 15:44:36.334+00	2020-07-01 15:44:36.338+00	12	2.79999999999999982	pV_purple_0004
tomato0172	2020-07-01 15:44:36.344+00	2020-07-01 15:44:36.347+00	25	3.5	pV_purple_0004
tomato0173	2020-07-01 15:44:36.352+00	2020-07-01 15:44:36.355+00	19	2.10000000000000009	pV_purple_0004
tomato0174	2020-07-01 15:44:36.358+00	2020-07-01 15:44:36.36+00	24	2.79999999999999982	pV_purple_0004
tomato0175	2020-07-01 15:44:36.364+00	2020-07-01 15:44:36.366+00	23	2.10000000000000009	pV_purple_0004
tomato0176	2020-07-01 15:44:36.369+00	2020-07-01 15:44:36.371+00	13	3.5	pV_purple_0004
tomato0177	2020-07-01 15:44:36.375+00	2020-07-01 15:44:36.377+00	25	4.09999999999999964	pV_purple_0004
tomato0178	2020-07-01 15:44:36.38+00	2020-07-01 15:44:36.382+00	15	3.79999999999999982	pV_purple_0004
tomato0179	2020-07-01 15:44:36.385+00	2020-07-01 15:44:36.387+00	21	5.40000000000000036	pV_purple_0004
tomato0180	2020-07-01 15:44:36.389+00	2020-07-01 15:44:36.391+00	20	2.60000000000000009	pV_purple_0004
tomato0181	2020-07-01 15:44:36.395+00	2020-07-01 15:44:36.397+00	12	3.5	pV_purple_0004
tomato0182	2020-07-01 15:44:36.4+00	2020-07-01 15:44:36.401+00	16	5.5	pV_purple_0004
tomato0183	2020-07-01 15:44:36.404+00	2020-07-01 15:44:36.406+00	3	6.79999999999999982	pV_purple_0004
tomato0184	2020-07-01 15:44:36.409+00	2020-07-01 15:44:36.411+00	11	5.5	pV_purple_0004
tomato0185	2020-07-01 15:44:36.415+00	2020-07-01 15:44:36.417+00	6	5.20000000000000018	pV_purple_0004
tomato0186	2020-07-01 15:44:36.421+00	2020-07-01 15:44:36.423+00	11	6.40000000000000036	pV_purple_0004
tomato0187	2020-07-01 15:44:36.426+00	2020-07-01 15:44:36.43+00	3	5.20000000000000018	pV_purple_0004
tomato0188	2020-07-01 15:44:36.433+00	2020-07-01 15:44:36.435+00	27	3.70000000000000018	pV_purple_0004
tomato0189	2020-07-01 15:44:36.438+00	2020-07-01 15:44:36.44+00	16	6.59999999999999964	pV_purple_0004
tomato0190	2020-07-01 15:44:36.443+00	2020-07-01 15:44:36.445+00	23	6.5	pV_purple_0004
tomato0191	2020-07-01 15:44:36.447+00	2020-07-01 15:44:36.449+00	9	2.5	pV_purple_0004
tomato0192	2020-07-01 15:44:36.452+00	2020-07-01 15:44:36.453+00	6	2.70000000000000018	pV_purple_0004
tomato0193	2020-07-01 15:44:36.457+00	2020-07-01 15:44:36.458+00	25	3.5	pV_purple_0004
tomato0194	2020-07-01 15:44:36.461+00	2020-07-01 15:44:36.465+00	17	3.79999999999999982	pV_purple_0004
tomato0195	2020-07-01 15:44:36.468+00	2020-07-01 15:44:36.47+00	25	3	pV_purple_0004
tomato0196	2020-07-01 15:44:36.472+00	2020-07-01 15:44:36.474+00	14	6.29999999999999982	pV_purple_0004
tomato0197	2020-07-01 15:44:36.478+00	2020-07-01 15:44:36.479+00	22	3	pV_purple_0004
tomato0198	2020-07-01 15:44:36.482+00	2020-07-01 15:44:36.484+00	4	5.40000000000000036	pV_purple_0004
tomato0199	2020-07-01 15:44:36.487+00	2020-07-01 15:44:36.489+00	5	3.29999999999999982	pV_purple_0004
tomato0200	2020-07-01 15:44:36.491+00	2020-07-01 15:44:36.494+00	5	4.40000000000000036	pV_purple_0004
\.


--
-- Data for Name: users; Type: TABLE DATA; Schema: public; Owner: sciencedb
--

COPY public.users (id, "createdAt", "updatedAt", email, password) FROM stdin;
1	\N	\N	a.hallab@fz-juelich.de	admin
\.


--
-- Name: role_to_users_id_seq; Type: SEQUENCE SET; Schema: public; Owner: sciencedb
--

SELECT pg_catalog.setval('public.role_to_users_id_seq', 3, true);


--
-- Name: roles_id_seq; Type: SEQUENCE SET; Schema: public; Owner: sciencedb
--

SELECT pg_catalog.setval('public.roles_id_seq', 3, true);


--
-- Name: users_id_seq; Type: SEQUENCE SET; Schema: public; Owner: sciencedb
--

SELECT pg_catalog.setval('public.users_id_seq', 1, true);


--
-- Name: SequelizeMeta SequelizeMeta_pkey; Type: CONSTRAINT; Schema: public; Owner: sciencedb
--

ALTER TABLE ONLY public."SequelizeMeta"
    ADD CONSTRAINT "SequelizeMeta_pkey" PRIMARY KEY (name);


--
-- Name: plant_variants plant_variants_pkey; Type: CONSTRAINT; Schema: public; Owner: sciencedb
--

ALTER TABLE ONLY public.plant_variants
    ADD CONSTRAINT plant_variants_pkey PRIMARY KEY ("plant_variant_ID");


--
-- Name: role_to_users role_to_users_pkey; Type: CONSTRAINT; Schema: public; Owner: sciencedb
--

ALTER TABLE ONLY public.role_to_users
    ADD CONSTRAINT role_to_users_pkey PRIMARY KEY (id);


--
-- Name: roles roles_pkey; Type: CONSTRAINT; Schema: public; Owner: sciencedb
--

ALTER TABLE ONLY public.roles
    ADD CONSTRAINT roles_pkey PRIMARY KEY (id);


--
-- Name: tomato_Measurements tomato_Measurements_pkey; Type: CONSTRAINT; Schema: public; Owner: sciencedb
--

ALTER TABLE ONLY public."tomato_Measurements"
    ADD CONSTRAINT "tomato_Measurements_pkey" PRIMARY KEY ("tomato_ID");


--
-- Name: users users_pkey; Type: CONSTRAINT; Schema: public; Owner: sciencedb
--

ALTER TABLE ONLY public.users
    ADD CONSTRAINT users_pkey PRIMARY KEY (id);


--
-- PostgreSQL database dump complete
--

